R (ang),V=0,V=1,V=2,V=3,V=4,V=5,V=6,V=7,V=8,V=9,E (wavenumbers),,,,,,,,,,
1.400000,0,0,0,0,0,0,0,0,0,0,279,,,,,,,,,,
1.405669,0,0,0,0,0,0,0,0,0,0,827.5,,,,,,,,,,
1.411338,0,0,0,0,0,0,0,0,0,0,"1,367.10",,,,,,,,,,
1.417007,0,0,0,0,0,0,0,0,0,0,"1,897.20",,,,,,,,,,
1.422676,0,0,0,0,0,0,0,0,0,0,2418,,,,,,,,,,
1.428345,0,0,0,0,0,0,0,0,0,0,"2,929.40",,,,,,,,,,
1.434014,0,0,0,0,0,0,0,0,0,0,"3,430.90",,,,,,,,,,
1.439683,0,0,0,0,0,0,0,0,0,0,"3,922.20",,,,,,,,,,
1.445352,0,0,0,0,0,0,0,0,0,0,"4,403.30",,,,,,,,,,
1.451021,0,0,0,0,0,0,0,0,0,0,"4,874.00",,,,,,,,,,
1.456690,0,0,0,0,0,0,0,0,0,0,,,,,,,,,,,
1.462359,0,0,0,0,0,0,0,0,0,0,,,,,,,,,,,
1.468028,0,0,0,0,0,0,0,0,0,0,,,,,,,,,,,
1.473697,0,0,0,0,0,0,0,0,0,0,,,,,,,,,,,
1.479366,0,0,0,0,0,0,0,0,0,0,,,,,,,,,,,
1.485035,0,0,0,0,0,0,0,0,0,0,,,,,,,,,,,
1.490704,0,0,0,0,0,0,0,0,0,-0.00000001,,,,,,,,,,,
1.496373,0,0,0,0,0,0,0,0,0.00000001,-0.00000002,,,,,,,,,,,
1.502043,0,0,0,0,0,0,0,-0.00000001,0.00000001,-0.00000003,,,,,,,,,,,
1.507712,0,0,0,0,0,0,0,-0.00000001,0.00000002,-0.00000005,,,,,,,,,,,
1.513381,0,0,0,0,0,0,0.00000001,-0.00000002,0.00000004,-0.00000009,,,,,,,,,,,
1.519050,0,0,0,0,0,-0.00000001,0.00000002,-0.00000004,0.00000008,-0.00000016,,,,,,,,,,,
1.524719,0,0,0,0,0,-0.00000001,0.00000003,-0.00000006,0.00000014,-0.00000029,,,,,,,,,,,
1.530388,0,0,0,0,0.00000001,-0.00000002,0.00000005,-0.00000011,0.00000024,-0.0000005,,,,,,,,,,,
1.536057,0,0,0,0,0.00000001,-0.00000004,0.00000009,-0.0000002,0.00000042,-0.00000086,,,,,,,,,,,
1.541726,0,0,0,-0.00000001,0.00000002,-0.00000006,0.00000015,-0.00000034,0.00000073,-0.00000146,,,,,,,,,,,
1.547395,0,0,0,-0.00000001,0.00000004,-0.00000011,0.00000026,-0.00000059,0.00000124,-0.00000247,,,,,,,,,,,
1.553064,0,0,0.00000001,-0.00000002,0.00000007,-0.00000018,0.00000044,-0.00000099,0.00000208,-0.00000413,,,,,,,,,,,
1.558733,0,0,0.00000001,-0.00000004,0.00000012,-0.00000031,0.00000075,-0.00000166,0.00000347,-0.00000683,,,,,,,,,,,
1.564402,0,-0.00000001,0.00000002,-0.00000007,0.0000002,-0.00000053,0.00000125,-0.00000276,0.00000572,-0.00001118,,,,,,,,,,,
1.570071,0,-0.00000001,0.00000004,-0.00000012,0.00000034,-0.00000088,0.00000207,-0.00000454,0.00000933,-0.00001813,,,,,,,,,,,
1.575740,0,-0.00000002,0.00000006,-0.0000002,0.00000057,-0.00000145,0.0000034,-0.0000074,0.00001509,-0.00002909,,,,,,,,,,,
1.581409,0,-0.00000003,0.0000001,-0.00000033,0.00000094,-0.00000238,0.00000553,-0.00001193,0.00002415,-0.00004622,,,,,,,,,,,
1.587078,0.00000001,-0.00000004,0.00000017,-0.00000055,0.00000153,-0.00000386,0.0000089,-0.00001906,0.00003828,-0.0000727,,,,,,,,,,,
1.592747,0.00000001,-0.00000007,0.00000028,-0.00000089,0.00000248,-0.0000062,0.00001419,-0.00003015,0.00006009,-0.00011321,,,,,,,,,,,
1.598416,0.00000002,-0.00000012,0.00000046,-0.00000144,0.00000399,-0.00000988,0.00002242,-0.00004724,0.0000934,-0.00017457,,,,,,,,,,,
1.604085,0.00000004,-0.00000019,0.00000074,-0.00000232,0.00000634,-0.00001559,0.00003509,-0.00007332,0.00014378,-0.00026654,,,,,,,,,,,
1.609754,0.00000006,-0.00000031,0.00000118,-0.00000369,0.00001,-0.00002437,0.0000544,-0.00011273,0.0002192,-0.00040296,,,,,,,,,,,
1.615423,0.00000009,-0.0000005,0.00000188,-0.00000581,0.00001563,-0.00003776,0.00008357,-0.00017168,0.00033097,-0.00060324,,,,,,,,,,,
1.621092,0.00000015,-0.00000079,0.00000296,-0.00000908,0.00002421,-0.00005798,0.00012719,-0.000259,0.00049496,-0.00089424,,,,,,,,,,,
1.626761,0.00000024,-0.00000125,0.00000463,-0.00001406,0.00003717,-0.00008823,0.00019181,-0.00038708,0.00073311,-0.00131267,,,,,,,,,,,
1.632430,0.00000038,-0.00000195,0.00000717,-0.0000216,0.00005656,-0.00013305,0.00028661,-0.0005731,0.00107549,-0.00190811,,,,,,,,,,,
1.638099,0.00000059,-0.00000303,0.00001103,-0.0000329,0.00008534,-0.00019886,0.00042436,-0.00084063,0.00156276,-0.00274661,,,,,,,,,,,
1.643768,0.00000092,-0.00000466,0.00001681,-0.00004967,0.00012763,-0.00029459,0.00062264,-0.0012216,0.00224921,-0.00391507,,,,,,,,,,,
1.649437,0.00000142,-0.00000712,0.00002541,-0.00007436,0.00018924,-0.00043255,0.0009053,-0.00175878,0.00320645,-0.00552624,,,,,,,,,,,
1.655106,0.00000217,-0.00001078,0.00003809,-0.00011041,0.00027818,-0.00062953,0.00130443,-0.00250877,0.0045277,-0.00772441,,,,,,,,,,,
1.660775,0.00000329,-0.00001619,0.00005665,-0.00016255,0.00040543,-0.00090819,0.00186262,-0.00354556,0.00633273,-0.01069156,,,,,,,,,,,
1.666444,0.00000495,-0.00002412,0.00008357,-0.00023734,0.00058588,-0.00129878,0.00263585,-0.00496462,0.00877329,-0.01465375,,,,,,,,,,,
1.672113,0.00000739,-0.00003567,0.0001223,-0.00034369,0.00083947,-0.00184121,0.00369671,-0.00688758,0.01203897,-0.01988739,,,,,,,,,,,
1.677782,0.00001096,-0.00005234,0.00017754,-0.00049361,0.00119272,-0.00258757,0.00513822,-0.00946737,0.0163631,-0.02672483,,,,,,,,,,,
1.683451,0.00001612,-0.00007619,0.00025569,-0.00070317,0.00168039,-0.00360504,0.00707816,-0.01289353,0.02202836,-0.03555846,,,,,,,,,,,
1.689120,0.00002355,-0.00011008,0.00036535,-0.00099358,0.0023477,-0.00497929,0.00966365,-0.01739765,0.02937165,-0.04684258,,,,,,,,,,,
1.694789,0.00003415,-0.00015783,0.00051796,-0.00139261,0.00325271,-0.00681825,0.01307604,-0.02325841,0.03878724,-0.06109191,,,,,,,,,,,
1.700459,0.00004915,-0.0002246,0.00072862,-0.00193624,0.0044692,-0.00925618,0.01753579,-0.03080573,0.05072777,-0.07887539,,,,,,,,,,,
1.706128,0.00007022,-0.00031721,0.00101703,-0.0026706,0.00608988,-0.01245802,0.02330693,-0.04042342,0.06570169,-0.10080428,,,,,,,,,,,
1.711797,0.00009961,-0.00044469,0.00140871,-0.00365418,0.00822981,-0.01662368,0.03070086,-0.05254963,0.08426635,-0.12751309,,,,,,,,,,,
1.717466,0.0001403,-0.00061879,0.00193633,-0.00496041,0.01103017,-0.02199211,0.04007869,-0.06767413,0.10701557,-0.15963229,,,,,,,,,,,
1.723135,0.00019621,-0.00085477,0.00264136,-0.00668045,0.01466195,-0.02884476,0.05185174,-0.08633156,0.13456049,-0.19775215,,,,,,,,,,,
1.728804,0.00027247,-0.00117214,0.00357588,-0.00892617,0.01932963,-0.03750802,0.06647927,-0.10908961,0.16750299,-0.24237721,,,,,,,,,,,
1.734473,0.00037574,-0.00159576,0.00480465,-0.01183334,0.02527445,-0.04835407,0.08446272,-0.13653136,0.20640092,-0.29387191,,,,,,,,,,,
1.740142,0.00051458,-0.00215688,0.0064074,-0.01556476,0.0327769,-0.06179955,0.10633568,-0.1692308,0.25172499,-0.35239847,,,,,,,,,,,
1.745811,0.0006999,-0.00289455,0.00848121,-0.02031322,0.04215821,-0.07830153,0.13264868,-0.20772125,0.30380792,-0.41784949,,,,,,,,,,,
1.751480,0.00094551,-0.00385701,0.01114306,-0.02630414,0.05378024,-0.09834984,0.16394834,-0.25245639,0.36278686,-0.48977849,,,,,,,,,,,
1.757149,0.00126872,-0.00510335,0.01453234,-0.03379746,0.06804329,-0.12245541,0.20075024,-0.30376442,0.42854143,-0.56733316,,,,,,,,,,,
1.762818,0.00169106,-0.00670525,0.01881325,-0.04308867,0.08538135,-0.15113386,0.24350551,-0.36179645,0.50063042,-0.64919721,,,,,,,,,,,
1.768487,0.0022391,-0.00874879,0.02417696,-0.0545085,0.10625436,-0.18488401,0.29256148,-0.42647096,0.57823153,-0.73354749,,,,,,,,,,,
1.774156,0.00294531,-0.01133636,0.03084325,-0.06842088,0.13113672,-0.22416113,0.3481171,-0.49741709,0.66008912,-0.81803368,,,,,,,,,,,
1.779825,0.00384906,-0.01458847,0.03906155,-0.08521892,0.16050205,-0.26934508,0.41017467,-0.57392014,0.74447584,-0.89978787,,,,,,,,,,,
1.785494,0.0049977,-0.01864552,0.04911104,-0.10531832,0.1948036,-0.3207037,0.47848981,-0.65487363,0.82917442,-0.97547055,,,,,,,,,,,
1.791163,0.00644765,-0.02366928,0.06129958,-0.1291481,0.23445047,-0.37835251,0.55252253,-0.7387427,0.91148584,-1.04135856,,,,,,,,,,,
1.796832,0.00826556,-0.02984413,0.07596122,-0.15713817,0.2797797,-0.44221211,0.63139263,-0.82354426,0.98826959,-1.09347788,,,,,,,,,,,
1.802501,0.01052949,-0.0373777,0.09345195,-0.18970363,0.33102481,-0.51196521,0.71384346,-0.90684905,1.05602069,-1.12778162,,,,,,,,,,,
1.808170,0.01333001,-0.04650098,0.11414359,-0.22722584,0.38828156,-0.58701573,0.79821813,-0.98581052,1.11098602,-1.14036943,,,,,,,,,,,
1.813839,0.01677126,-0.05746761,0.13841542,-0.27003028,0.45147212,-0.66645278,0.88245262,-1.05722454,1.14932013,-1.1277406,,,,,,,,,,,
1.819508,0.02097185,-0.07055218,0.16664356,-0.31836157,0.52030915,-0.74902278,0.96408963,-1.11762238,1.16727777,-1.08706862,,,,,,,,,,,
1.825177,0.02606556,-0.08604742,0.19918786,-0.37235615,0.59426177,-0.833113,1.04031711,-1.16339787,1.16143687,-1.01648101,,,,,,,,,,,
1.830846,0.03220177,-0.10426014,0.23637655,-0.43201365,0.67252563,-0.9167501,1.10803397,-1.19096719,1.1289423,-0.91532451,,,,,,,,,,,
1.836515,0.03954557,-0.1255057,0.27848852,-0.49716777,0.75399951,-0.99761668,1.16394433,-1.19695675,1.06775692,-0.78439316,,,,,,,,,,,
1.842184,0.04827735,-0.15010109,0.3257338,-0.56745817,0.83727107,-1.07308856,1.2046802,-1.17841231,0.97690372,-0.62609583,,,,,,,,,,,
1.847853,0.05859202,-0.17835633,0.37823245,-0.64230486,0.9206143,-1.14029461,1.2269499,-1.13301908,0.85668032,-0.44454064,,,,,,,,,,,
1.853522,0.07069751,-0.2105644,0.43599262,-0.72088678,1.00200101,-1.19619992,1.22770821,-1.05932026,0.70882617,-0.24551656,,,,,,,,,,,
1.859191,0.08481272,-0.24698969,0.49888851,-0.80212646,1.07912846,-1.23771185,1.20434122,-0.95691944,0.53662323,-0.03635788,,,,,,,,,,,
1.864860,0.10116473,-0.28785525,0.56663932,-0.88468307,1.14946515,-1.26180748,1.15485782,-0.82665129,0.34491276,0.17431568,,,,,,,,,,,
1.870529,0.11998541,-0.33332911,0.63879048,-0.96695544,1.21031535,-1.26567863,1.07807656,-0.67070394,0.14001428,0.37698163,,,,,,,,,,,
1.876198,0.14150721,-0.38351,0.71469806,-1.04709682,1.25890181,-1.24688848,0.97379534,-0.49267707,-0.07046203,0.56170834,,,,,,,,,,,
1.881867,0.16595836,-0.43841294,0.7935176,-1.1230421,1.29246531,-1.20353266,0.84293054,-0.29756273,-0.27791069,0.71873633,,,,,,,,,,,
1.887536,0.19355739,-0.49795513,0.87419871,-1.19254862,1.30837819,-1.13439611,0.6876127,-0.0916394,-0.47312709,0.83911395,,,,,,,,,,,
1.893206,0.2245071,-0.56194275,0.95548625,-1.25325032,1.3042682,-1.03909632,0.51122685,0.1177248,-0.64678859,0.91534512,,,,,,,,,,,
1.898875,0.25898815,-0.63005931,1.03592924,-1.30272488,1.27814747,-0.91820273,0.31838774,0.32235826,-0.7899962,0.94200094,,,,,,,,,,,
1.904544,0.29715222,-0.70185617,1.11389823,-1.33857235,1.22854085,-0.77332251,0.11484336,0.51365265,-0.89484484,0.91624398,,,,,,,,,,,
1.910213,0.33911517,-0.77674588,1.18761129,-1.35850318,1.15460659,-0.6071437,-0.09269591,0.68299511,-0.95498416,0.83821616,,,,,,,,,,,
1.915882,0.38495022,-0.85399872,1.25516876,-1.36043257,1.05624239,-0.42342795,-0.29680021,0.82224396,-0.9661285,0.71124653,,,,,,,,,,,
1.921551,0.43468124,-0.93274317,1.31459644,-1.34257773,0.93416955,-0.22694799,-0.48962815,0.92422052,-0.92647428,0.54184668,,,,,,,,,,,
1.927220,0.48827671,-1.01197059,1.36389631,-1.30355393,0.78998874,-0.02336732,-0.66328722,0.98318579,-0.83698626,0.33947551,,,,,,,,,,,
1.932889,0.5456442,-1.09054452,1.40110387,-1.24246492,0.62620155,0.18093707,-0.81022991,0.99526894,-0.70152067,0.11607263,,,,,,,,,,,
1.938558,0.60662589,-1.16721462,1.42435035,-1.15898319,0.44619329,0.37910428,-0.92366438,0.95881461,-0.52676278,-0.11462106,,,,,,,,,,,
1.944227,0.67099517,-1.24063544,1.43192781,-1.0534152,0.25417421,0.56406367,-0.9979559,0.87461944,-0.32196919,-0.33791857,,,,,,,,,,,
1.949896,0.73845457,-1.30938953,1.422355,-0.92674763,0.05507838,0.72884211,-1.02899387,0.74603328,-0.09851905,-0.5391629,,,,,,,,,,,
1.955565,0.80863513,-1.37201477,1.39444137,-0.78067073,-0.1455784,0.86688999,-1.01449926,0.5789086,0.13070629,-0.70475561,,,,,,,,,,,
1.961234,0.88109749,-1.42703532,1.34734688,-0.61757603,-0.34187778,0.97240962,-0.95424963,0.38139113,0.35208139,-0.82316067,,,,,,,,,,,
1.966903,0.9553349,-1.47299579,1.28063517,-0.44052656,-0.52770938,1.0406683,-0.85020263,0.16355532,0.55208609,-0.88580363,,,,,,,,,,,
1.972572,1.03077816,-1.50849759,1.19431723,-0.25319857,-0.69700468,1.0682777,-0.70650354,-0.06310054,0.71818977,-0.88778992,,,,,,,,,,,
1.978241,1.10680235,-1.53223608,1.08888311,-0.05979508,-0.84398413,1.05342201,-0.52936931,-0.28627408,0.83970815,-0.82837657,,,,,,,,,,,
1.983910,1.18273532,-1.54303752,0.96531971,0.13506666,-0.96340642,0.99601907,-0.32684911,-0.49355801,0.90856867,-0.71114896,,,,,,,,,,,
1.989579,1.25786767,-1.5398945,0.82511303,0.32649052,-1.05080756,0.89780205,-0.10846962,-0.67317599,0.91992456,-0.54387578,,,,,,,,,,,
1.995248,1.33146414,-1.52199857,0.67023402,0.50945511,-1.10271763,0.76231306,0.11521907,-0.81470734,0.87256638,-0.3380414,,,,,,,,,,,
2.000917,1.40277609,-1.488769,0.50310775,0.67897991,-1.11684355,0.5948049,0.33317371,-0.90975211,0.76909329,-0.10808114,,,,,,,,,,,
2.006586,1.47105472,-1.43987645,0.32656635,0.83029739,-1.09220742,0.40205252,0.53443509,-0.95248944,0.61582306,0.12962952,,,,,,,,,,,
2.012255,1.53556473,-1.37526068,0.1437867,0.95902404,-1.02923198,0.19208082,0.70871907,-0.94008863,0.42243943,0.35795868,,,,,,,,,,,
2.017924,1.59559794,-1.29514153,-0.0417852,1.06132301,-0.92976723,-0.02617919,0.84698614,-0.87294084,0.20139494,0.56028517,,,,,,,,,,,
2.023593,1.65048665,-1.20002258,-0.22652092,1.13405122,-0.79705498,-0.24328944,0.9419545,-0.75469139,-0.03289283,0.72175037,,,,,,,,,,,
2.029262,1.69961623,-1.09068746,-0.40670437,1.1748845,-0.63563154,-0.44973913,0.98852442,-0.59206585,-0.26499767,0.83039501,,,,,,,,,,,
2.034931,1.74243673,-0.96818854,-0.57863143,1.18241498,-0.45117169,-0.63639163,0.98408665,-0.39449739,-0.47952673,0.87808864,,,,,,,,,,,
2.040600,1.77847305,-0.8338286,-0.73871098,1.15621629,-0.25028006,-0.79492051,0.92869431,-0.17357679,-0.66217361,0.86117523,,,,,,,,,,,
2.046269,1.80733363,-0.68913564,-0.88356373,1.09687341,-0.04023926,-0.91821123,0.82508599,0.05764084,-0.80070611,0.78078015,,,,,,,,,,,
2.051938,1.82871708,-0.53583194,-1.01011539,1.00597575,0.17127436,-1.0007068,0.67855726,0.28542848,-0.88581632,0.64275128,,,,,,,,,,,
2.057607,1.84241704,-0.37579805,-1.11568091,0.88607337,0.37649398,-1.03867893,0.49668677,0.49622722,-0.91177044,0.45723625,,,,,,,,,,,
2.063276,1.84832497,-0.21103305,-1.19803706,0.74059838,0.56787101,-1.03041001,0.28893275,0.67747918,-0.87681066,0.23792774,,,,,,,,,,,
2.068945,1.84643131,-0.04361213,-1.25548101,0.57375455,0.73837506,-0.97627659,0.06612302,0.81839881,-0.78327951,0.00103522,,,,,,,,,,,
2.074614,1.83682445,0.12435732,-1.28687295,0.39037956,0.88177154,-0.8787298,-0.16013148,0.91063243,-0.63745773,-0.23593617,,,,,,,,,,,
2.080283,1.81968773,0.29077988,-1.29166146,0.19578542,0.99286458,-0.74217434,-0.37806521,0.94876326,-0.44912774,-0.45550374,,,,,,,,,,,
2.085952,1.79529443,0.45361516,-1.26989097,-0.00441637,1.06769435,-0.57275284,-0.57639192,0.93062998,-0.23089529,-0.6415187,,,,,,,,,,,
2.091622,1.7640011,0.61091859,-1.22219146,-0.20449778,1.10368065,-0.37804775,-0.74490689,0.85743983,0.00268075,-0.78036902,,,,,,,,,,,
2.097291,1.72623928,0.76087879,-1.14975119,-0.39879819,1.09970718,-0.16671717,-0.87502328,0.73367084,0.2360867,-0.86198088,,,,,,,,,,,
2.102960,1.68250601,0.90185054,-1.05427367,-0.58190216,1.05614385,0.05191588,-0.96021273,0.56677237,0.45390862,-0.88054335,,,,,,,,,,,
2.108629,1.63335331,1.03238256,-0.93792108,-0.74880428,0.97480767,0.26829895,-0.9963266,0.366686,0.64186761,-0.83490371,,,,,,,,,,,
2.114298,1.57937707,1.15123967,-0.80324617,-0.89505539,0.85886542,0.47308803,-0.98178208,0.14522049,0.78776382,-0.72860791,,,,,,,,,,,
2.119967,1.52120555,1.25741873,-0.65311558,-1.01688515,0.71268427,0.6575658,-0.91760559,-0.08467696,0.88226465,-0.56958865,,,,,,,,,,,
2.125636,1.45948783,1.35015839,-0.4906272,-1.11129731,0.54163835,0.81402019,-0.80733472,-0.3097049,0.91948556,-0.36953131,,,,,,,,,,,
2.131305,1.39488244,1.42894264,-0.3190247,-1.17613519,0.35188122,0.9360656,-0.65678783,-0.516997,0.89732782,-0.1429722,,,,,,,,,,,
2.136974,1.32804643,1.49349833,-0.14161189,-1.21011629,0.15009542,1.0188932,-0.47371837,-0.69486737,0.8175558,0.09379698,,,,,,,,,,,
2.142643,1.25962517,1.54378716,0.03833015,-1.21283625,-0.05676945,1.05944063,-0.26737654,-0.83346714,0.68561543,0.32393185,,,,,,,,,,,
2.148312,1.19024294,1.57999267,0.21762076,-1.1847435,-0.26175832,1.05647607,-0.04800559,-0.92531469,0.51021324,0.53125261,,,,,,,,,,,
2.153981,1.12049468,1.60250287,0.3932502,-1.1270872,-0.45816116,1.01059636,0.17369735,-0.96567157,0.30269181,0.70138544,,,,,,,,,,,
2.159650,1.05093886,1.61188943,0.56244098,-1.04184195,-0.63974237,0.92414319,0.38712549,-0.95274683,0.0762499,0.82274601,,,,,,,,,,,
2.165319,0.9820916,1.60888414,0.72269903,-0.93161334,-0.80094087,0.8010452,0.58228214,-0.88772396,-0.15493543,0.88729825,,,,,,,,,,,
2.170988,0.91442217,1.5943536,0.87185364,-0.799529,-0.93703438,0.64659716,0.75024985,-0.77461601,-0.37662335,0.89104045,,,,,,,,,,,
2.176657,0.84834971,1.56927284,1.00808599,-0.64911991,-1.04426332,0.46718986,0.88358627,-0.61996447,-0.57539888,0.8341929,,,,,,,,,,,
2.182326,0.78424115,1.53469864,1.12994617,-0.48419671,-1.11991188,0.27000571,0.97662988,-0.4324065,-0.73948087,0.72108449,,,,,,,,,,,
2.187995,0.72241024,1.49174324,1.23635903,-0.30872583,-1.16234585,0.06269617,1.02570434,-0.22214164,-0.8593994,0.55975744,,,,,,,,,,,
2.193664,0.66311775,1.44154913,1.3266198,-0.1267097,-1.1710086,-0.1469434,1.02921634,-0.00033364,-0.92850479,0.36132924,,,,,,,,,,,
2.199333,0.60657255,1.38526545,1.40038029,0.05792528,-1.14637841,-0.3512866,0.98764811,0.22151516,-0.94328362,0.13916632,,,,,,,,,,,
2.205002,0.55293351,1.32402649,1.45762711,0.24142963,-1.08989164,-0.54316349,0.90345106,0.4321801,-0.90347087,-0.0920651,,,,,,,,,,,
2.210671,0.5023122,1.25893254,1.4986531,0.42031818,-1.00383745,-0.71611175,0.78085193,0.62128701,-0.81196108,-0.31740032,,,,,,,,,,,
2.216340,0.45477617,1.19103353,1.52402381,0.59144232,-0.89123031,-0.8645831,0.62558661,0.77981224,-0.67453434,-0.5225589,,,,,,,,,,,
2.222009,0.41035261,1.1213154,1.53454008,0.75204588,-0.75566703,-0.98409947,0.44457939,0.90048676,-0.4994236,-0.69484335,,,,,,,,,,,
2.227678,0.36903241,1.05068937,1.53119863,0.89980453,-0.60117498,-1.0713559,0.2455868,0.97808795,-0.29675804,-0.82389785,,,,,,,,,,,
2.233347,0.33077436,0.97998384,1.51515151,1.03284893,-0.43205791,-1.12427005,0.03682575,1.00961061,-0.0779229,-0.90228353,,,,,,,,,,,
2.239016,0.2955094,0.90993902,1.48766606,1.14977248,-0.25274537,-1.14198049,-0.17339537,0.99431559,0.14512125,-0.92584242,,,,,,,,,,,
2.244685,0.2631449,0.84120401,1.45008625,1.2496249,-0.06765088,-1.12479824,-0.37702536,0.93366188,0.36051737,-0.89383771,,,,,,,,,,,
2.250354,0.23356877,0.77433607,1.4037964,1.33189351,0.11895677,-1.0741174,-0.56658398,0.83113357,0.55714955,-0.80887373,,,,,,,,,,,
2.256023,0.20665345,0.70980197,1.35018797,1.39647402,0.30306569,-0.9922923,-0.73542921,0.69197813,0.72520514,-0.67661357,,,,,,,,,,,
2.261692,0.18225959,0.64798094,1.29063007,1.44363283,0.48101426,-0.88248919,-0.87796946,0.52287593,0.85663447,-0.50532399,,,,,,,,,,,
2.267361,0.16023954,0.58916915,1.22644402,1.47396326,0.64956425,-0.7485207,-0.98981595,0.33156281,0.94548906,-0.30528665,,,,,,,,,,,
2.273030,0.14044045,0.53358524,1.15888206,1.48833745,0.80595326,-0.59467141,-1.06787349,0.12642823,0.98812796,-0.08812025,,,,,,,,,,,
2.278699,0.12270705,0.48137672,1.08911045,1.48785621,0.94792702,-0.42552218,-1.11037117,-0.08388925,0.98329029,0.13393932,,,,,,,,,,,
2.284368,0.10688409,0.43262696,1.01819659,1.47379837,1.07375244,-0.24578021,-1.11683702,-0.2908891,0.93203969,0.34875469,,,,,,,,,,,
2.290038,0.09281844,0.38736241,0.9471002,1.44757135,1.18221334,-0.06012081,-1.08802303,-0.48656137,0.83759343,0.54495614,,,,,,,,,,,
2.295707,0.08036082,0.34556009,0.8766681,1.41066428,1.27259095,0.12695433,-1.02578835,-0.66369082,0.70505409,0.71252792,,,,,,,,,,,
2.301376,0.06936726,0.30715484,0.80763229,1.3646047,1.34463153,0.31123879,-0.93294977,-0.81610237,0.54106558,0.84328368,,,,,,,,,,,
2.307045,0.05970018,0.27204645,0.740611,1.3109197,1.39850391,0.4889207,-0.81310906,-0.93884192,0.35341757,0.93121169,,,,,,,,,,,
2.312714,0.0512293,0.24010642,0.67611207,1.25110218,1.4347496,0.65665838,-0.6704666,-1.02829009,0.15062291,0.97267991,,,,,,,,,,,
2.318383,0.04383222,0.21118423,0.61453857,1.18658246,1.45422813,0.81163259,-0.50963042,-1.08221015,-0.05850844,0.96650052,,,,,,,,,,,
2.324052,0.03739479,0.18511315,0.55619588,1.11870532,1.45805995,0.95157613,-0.33542873,-1.09973429,-0.26527728,0.91386095,,,,,,,,,,,
2.329721,0.03181131,0.16171539,0.50129983,1.04871227,1.44756891,1.0747824,-0.15273299,-1.08129486,-0.46146653,0.81813597,,,,,,,,,,,
2.335390,0.02698452,0.14080663,0.44998572,0.97772882,1.42422636,1.18009526,0.03370272,-1.02850905,-0.63966108,0.68460062,,,,,,,,,,,
2.341059,0.02282553,0.12220005,0.40231757,0.9067564,1.38959816,1.26688282,0.21938158,-0.94402674,-0.79350569,0.52006756,,,,,,,,,,,
2.346728,0.0192535,0.10570957,0.35829761,0.83666841,1.3452961,1.33499805,0.40018017,-0.831352,-0.91789431,0.33247437,,,,,,,,,,,
2.352397,0.01619539,0.09115272,0.31787556,0.76820995,1.29293441,1.38472924,0.57243918,-0.69464837,-1.0090886,0.13044658,,,,,,,,,,,
2.358066,0.0135855,0.07835284,0.28095757,0.70200073,1.23409207,1.41674333,0.73302833,-0.53853801,-1.06476717,-0.07713883,,,,,,,,,,,
2.363735,0.01136509,0.06714084,0.24741462,0.63854033,1.17028114,1.43202481,0.87938612,-0.36790357,-1.08400983,-0.28156753,,,,,,,,,,,
2.369404,0.00948186,0.05735649,0.21709028,0.57821555,1.102921,1.43181273,1.00953591,-0.18770067,-1.06722457,-0.47466061,,,,,,,,,,,
2.375073,0.00788947,0.04884934,0.18980779,0.52130922,1.03331876,1.41753826,1.12208072,-0.00278752,-1.01602622,-0.64909142,,,,,,,,,,,
2.380742,0.00654706,0.04147931,0.16537638,0.46801014,0.9626554,1.39076494,1.21617974,0.18222352,-0.93307779,-0.79863659,,,,,,,,,,,
2.386411,0.00541875,0.035117,0.14359685,0.4184236,0.89197722,1.3531331,1.29150978,0.36308905,-0.82190527,-0.91835544,,,,,,,,,,,
2.392080,0.0044732,0.02964368,0.12426635,0.37258224,0.82219202,1.30630968,1.34821498,0.53603085,-0.68669703,-1.00469676,,,,,,,,,,,
2.397749,0.0036831,0.02495119,0.10718245,0.33045671,0.75406939,1.25194424,1.38684824,0.6978046,-0.53209804,-1.05553534,,,,,,,,,,,
2.403418,0.00302479,0.02094162,0.09214647,0.2919661,0.68824449,1.1916318,1.40830757,0.84574225,-0.36300839,-1.07014409,,,,,,,,,,,
2.409087,0.00247785,0.01752685,0.07896616,0.25698774,0.62522457,1.12688243,1.41377015,0.9777696,-0.1843937,-1.04911,,,,,,,,,,,
2.414756,0.0020247,0.01462806,0.0674578,0.22536636,0.56539778,1.05909791,1.40462724,1.092402,-0.00111408,-0.99420404,,,,,,,,,,,
2.420425,0.00165031,0.0121751,0.05744771,0.1969224,0.50904357,0.98955494,1.38242158,1.18872141,0.1822241,-0.90821601,,,,,,,,,,,
2.426094,0.00134183,0.01010591,0.04877334,0.17145944,0.45634398,0.91939415,1.34878929,1.26633796,0.36139048,-0.79476517,,,,,,,,,,,
2.431763,0.00108834,0.00836581,0.04128389,0.14877067,0.40739541,0.84961436,1.305407,1.32533963,0.53262578,-0.65809776,,,,,,,,,,,
2.437432,0.0008806,0.00690691,0.03484058,0.12864436,0.36222042,0.7810715,1.25394555,1.36623343,0.69270914,-0.50288127,,,,,,,,,,,
2.443101,0.0007108,0.00568741,0.02931668,0.11086855,0.32077927,0.71448117,1.19603037,1.38988126,0.83899911,-0.3340046,,,,,,,,,,,
2.448770,0.00057238,0.00467104,0.02459721,0.09523479,0.28298092,0.65042454,1.13320904,1.3974335,0.96944992,-0.15639164,,,,,,,,,,,
2.454439,0.00045983,0.00382642,0.02057859,0.08154118,0.24869331,0.58935651,1.06692577,1.3902629,1.08260583,0.02516589,,,,,,,,,,,
2.460108,0.00036854,0.00312654,0.01716802,0.06959467,0.21775274,0.53161576,0.99850242,1.3699009,1.17757681,0.2061519,,,,,,,,,,,
2.465777,0.0002947,0.00254823,0.01428287,0.05921277,0.18997236,0.47743594,0.92912578,1.33797803,1.25399872,0.38244298,,,,,,,,,,,
2.471446,0.0002351,0.00207172,0.01184998,0.05022467,0.16514956,0.4269575,0.8598402,1.29616979,1.31198167,0.55039782,,,,,,,,,,,
2.477115,0.00018714,0.00168015,0.00980487,0.04247198,0.14307249,0.38023979,0.79154525,1.24614912,1.35205013,0.70691901,,,,,,,,,,,
2.482784,0.00014862,0.00135927,0.00809102,0.03580901,0.12352548,0.33727314,0.72499746,1.1895457,1.37507799,0.84948853,,,,,,,,,,,
2.488454,0.00011777,0.00109701,0.00665911,0.03010276,0.10629368,0.29799032,0.6608155,1.12791269,1.38222168,0.9761792,,,,,,,,,,,
2.494123,0.00009311,0.00088325,0.00546633,0.02523273,0.09116674,0.26227754,0.59948806,1.06270044,1.3748538,1.08564477,,,,,,,,,,,
2.499792,0.00007346,0.00070945,0.00447565,0.0210904,0.0779417,0.22998449,0.5413837,0.99523714,1.3544996,1.1770921,,,,,,,,,,,
2.505461,0.00005783,0.00056852,0.0036552,0.0175787,0.06642526,0.20093347,0.48676206,0.92671572,1.32277789,1.25023884,,,,,,,,,,,
2.511130,0.00004542,0.00045454,0.00297766,0.01461125,0.05643533,0.17492748,0.43578594,0.85818651,1.28134774,1.3052604,,,,,,,,,,,
2.516799,0.0000356,0.00036257,0.00241969,0.01211168,0.04780206,0.15175738,0.38853366,0.79055483,1.23186188,1.34272944,,,,,,,,,,,
2.522468,0.00002785,0.00028856,0.00196146,0.01001278,0.04036851,0.13120787,0.34501138,0.72458287,1.17592726,1.36355131,,,,,,,,,,,
2.528137,0.00002174,0.00022914,0.00158616,0.00825571,0.03399078,0.11306261,0.30516502,0.66089495,1.11507272,1.36889813,,,,,,,,,,,
2.533806,0.00001693,0.00018155,0.00127961,0.00678922,0.02853797,0.09710837,0.26889143,0.59998539,1.05072387,1.36014398,,,,,,,,,,,
2.539475,0.00001316,0.00014354,0.00102986,0.00556887,0.02389179,0.08313825,0.23604882,0.54222845,0.98418458,1.33880322,,,,,,,,,,,
2.545144,0.00001021,0.00011323,0.00082692,0.00455628,0.01994611,0.0709543,0.20646613,0.48788956,0.91662464,1.30647352,,,,,,,,,,,
2.550813,0.0000079,0.00008913,0.00066244,0.00371848,0.01660621,0.06036929,0.17995143,0.43713734,0.84907309,1.26478478,,,,,,,,,,,
2.556482,0.00000611,0.00007002,0.00052947,0.00302724,0.0137881,0.05120801,0.1562992,0.39005593,0.78241615,1.21535458,,,,,,,,,,,
2.562151,0.00000471,0.00005488,0.00042224,0.00245849,0.01141769,0.04330801,0.13529663,0.34665723,0.71739938,1.15975067,,,,,,,,,,,
2.567820,0.00000362,0.00004293,0.00033597,0.0019918,0.00942996,0.03651997,0.11672884,0.30689272,0.654633,1.09946049,,,,,,,,,,,
2.573489,0.00000278,0.00003351,0.00026675,0.00160987,0.00776812,0.03070766,0.10038323,0.27066462,0.59459982,1.03586754,,,,,,,,,,,
2.579158,0.00000213,0.00002611,0.00021132,0.00129813,0.00638285,0.02574775,0.08605288,0.2378362,0.53766508,0.97023423,,,,,,,,,,,
2.584827,0.00000163,0.0000203,0.00016705,0.00104434,0.00523144,0.02152924,0.07353924,0.20824116,0.48408757,0.90369076,,,,,,,,,,,
2.590496,0.00000125,0.00001575,0.00013178,0.00083825,0.00427713,0.01795295,0.0626541,0.18169198,0.43403144,0.8372292,,,,,,,,,,,
2.596165,0.00000095,0.0000122,0.00010374,0.00067132,0.00348838,0.0149307,0.05322092,0.1579872,0.38757834,0.7717022,,,,,,,,,,,
2.601834,0.00000072,0.00000943,0.00008149,0.00053644,0.00283825,0.01238457,0.04507573,0.13691766,0.34473941,0.70782552,,,,,,,,,,,
2.607503,0.00000055,0.00000727,0.00006389,0.00042772,0.00230382,0.01024605,0.03806752,0.11827179,0.30546688,0.64618366,,,,,,,,,,,
2.613172,0.00000042,0.0000056,0.00004998,0.00034029,0.00186565,0.00845522,0.03205831,0.1018399,0.26966496,0.58723795,,,,,,,,,,,
2.618841,0.00000032,0.0000043,0.00003903,0.00027016,0.00150734,0.0069599,0.02692296,0.08741768,0.23720002,0.53133643,,,,,,,,,,,
2.624510,0.00000024,0.0000033,0.00003041,0.00021403,0.00121508,0.00571489,0.02254873,0.07480889,0.20790972,0.47872487,,,,,,,,,,,
2.630179,0.00000018,0.00000253,0.00002365,0.0001692,0.00097729,0.00468117,0.0188347,0.06382729,0.18161116,0.42955835,,,,,,,,,,,
2.635848,0.00000014,0.00000193,0.00001836,0.00013349,0.0007843,0.00382525,0.01569105,0.05429808,0.15810794,0.38391305,,,,,,,,,,,
2.641517,0.0000001,0.00000147,0.00001422,0.0001051,0.00062804,0.00311844,0.0130383,0.04605874,0.13719624,0.34179778,,,,,,,,,,,
2.647186,0.00000008,0.00000112,0.000011,0.00008259,0.00050183,0.00253631,0.01080648,0.03895944,0.11866989,0.30316515,,,,,,,,,,,
2.652855,0.00000006,0.00000085,0.00000849,0.00006476,0.00040014,0.00205812,0.00893427,0.03286319,0.10232453,0.26792195,,,,,,,,,,,
2.658524,0.00000004,0.00000065,0.00000654,0.00005069,0.00031838,0.00166631,0.00736824,0.02764556,0.08796096,0.23593881,,,,,,,,,,,
2.664193,0.00000003,0.00000049,0.00000503,0.00003959,0.0002528,0.00134608,0.006062,0.02319435,0.07538769,0.20705877,,,,,,,,,,,
2.669862,0.00000002,0.00000037,0.00000386,0.00003087,0.00020032,0.00108501,0.00497546,0.01940894,0.06442279,0.18110497,,,,,,,,,,,
2.675531,0.00000002,0.00000028,0.00000296,0.00002402,0.00015841,0.00087268,0.00407412,0.01619966,0.05489527,0.15788731,,,,,,,,,,,
2.681201,0.00000001,0.00000021,0.00000226,0.00001866,0.00012502,0.00070041,0.00332838,0.013487,0.04664589,0.13720823,,,,,,,,,,,
2.686870,0.00000001,0.00000016,0.00000173,0.00001446,0.00009848,0.00056097,0.002713,0.01120086,0.03952764,0.11886762,,,,,,,,,,,
2.692539,0.00000001,0.00000012,0.00000132,0.00001119,0.00007742,0.00044837,0.00220649,0.00927969,0.03340583,0.10266681,,,,,,,,,,,
2.698208,0.00000001,0.00000009,0.000001,0.00000865,0.00006075,0.00035764,0.00179062,0.00766975,0.02815797,0.08841185,,,,,,,,,,,
2.703877,0,0.00000007,0.00000076,0.00000667,0.00004758,0.0002847,0.00145,0.0063243,0.02367339,0.07591604,,,,,,,,,,,
2.709546,0,0.00000005,0.00000058,0.00000513,0.0000372,0.00022619,0.0011717,0.00520289,0.01985271,0.06500181,,,,,,,,,,,
2.715215,0,0.00000004,0.00000044,0.00000394,0.00002903,0.00017936,0.00094483,0.00427062,0.01660726,0.05550217,,,,,,,,,,,
2.720884,0,0.00000003,0.00000033,0.00000303,0.00002261,0.00014195,0.00076031,0.00349757,0.01385833,0.0472616,,,,,,,,,,,
2.726553,0,0.00000002,0.00000025,0.00000232,0.00001758,0.00011212,0.00061058,0.00285812,0.01153649,0.04013658,,,,,,,,,,,
2.732222,0,0.00000002,0.00000019,0.00000177,0.00001365,0.0000884,0.00048935,0.00233048,0.00958074,0.03399564,,,,,,,,,,,
2.737891,0,0.00000001,0.00000014,0.00000135,0.00001057,0.00006957,0.0003914,0.00189614,0.00793779,0.02871927,,,,,,,,,,,
2.743560,0,0.00000001,0.00000011,0.00000103,0.00000818,0.00005464,0.00031243,0.00153944,0.00656125,0.02419947,,,,,,,,,,,
2.749229,0,0.00000001,0.00000008,0.00000078,0.00000631,0.00004284,0.0002489,0.00124719,0.00541092,0.02033929,,,,,,,,,,,
2.754898,0,0,0.00000006,0.0000006,0.00000487,0.00003353,0.0001979,0.00100829,0.00445209,0.01705211,,,,,,,,,,,
2.760567,0,0,0.00000004,0.00000045,0.00000374,0.00002619,0.00015705,0.00081346,0.00365492,0.01426099,,,,,,,,,,,
2.766236,0,0,0.00000003,0.00000034,0.00000288,0.00002042,0.00012439,0.00065493,0.00299384,0.01189786,,,,,,,,,,,
2.771905,0,0,0.00000002,0.00000026,0.00000221,0.00001589,0.00009834,0.00052623,0.00244699,0.00990273,,,,,,,,,,,
2.777574,0,0,0.00000002,0.00000019,0.00000169,0.00001235,0.00007759,0.00042198,0.00199574,0.00822298,,,,,,,,,,,
2.783243,0,0,0.00000001,0.00000015,0.00000129,0.00000958,0.00006112,0.00033772,0.0016243,0.00681261,,,,,,,,,,,
2.788912,0,0,0.00000001,0.00000011,0.00000098,0.00000742,0.00004805,0.00026977,0.00131927,0.0056316,,,,,,,,,,,
2.794581,0,0,0.00000001,0.00000008,0.00000075,0.00000573,0.00003771,0.00021509,0.00106938,0.00464523,,,,,,,,,,,
2.800250,0,0,0.00000001,0.00000006,0.00000057,0.00000443,0.00002955,0.00017118,0.00086513,0.00382351,,,,,,,,,,,
2.805919,0,0,0,0.00000005,0.00000043,0.00000341,0.00002311,0.00013599,0.00069856,0.00314066,,,,,,,,,,,
2.811588,0,0,0,0.00000003,0.00000033,0.00000262,0.00001805,0.00010785,0.000563,0.00257457,,,,,,,,,,,
2.817257,0,0,0,0.00000003,0.00000025,0.00000202,0.00001407,0.00008538,0.00045292,0.00210636,,,,,,,,,,,
2.822926,0,0,0,0.00000002,0.00000019,0.00000155,0.00001095,0.00006748,0.00036371,0.00171997,,,,,,,,,,,
2.828595,0,0,0,0.00000001,0.00000014,0.00000118,0.00000851,0.00005325,0.00029156,0.00140181,,,,,,,,,,,
2.834264,0,0,0,0.00000001,0.00000011,0.00000091,0.00000661,0.00004195,0.00023332,0.00114037,,,,,,,,,,,
2.839933,0,0,0,0.00000001,0.00000008,0.00000069,0.00000512,0.00003299,0.00018639,0.000926,,,,,,,,,,,
2.845602,0,0,0,0.00000001,0.00000006,0.00000053,0.00000396,0.00002591,0.00014865,0.00075058,,,,,,,,,,,
2.851271,0,0,0,0,0.00000005,0.0000004,0.00000306,0.00002031,0.00011836,0.00060731,,,,,,,,,,,
2.856940,0,0,0,0,0.00000003,0.00000031,0.00000236,0.0000159,0.00009409,0.00049053,,,,,,,,,,,
2.862609,0,0,0,0,0.00000003,0.00000023,0.00000182,0.00001243,0.00007467,0.00039552,,,,,,,,,,,
2.868278,0,0,0,0,0.00000002,0.00000018,0.0000014,0.0000097,0.00005917,0.00031838,,,,,,,,,,,
2.873947,0,0,0,0,0.00000001,0.00000013,0.00000107,0.00000756,0.00004681,0.00025585,,,,,,,,,,,
2.879617,0,0,0,0,0.00000001,0.0000001,0.00000082,0.00000589,0.00003698,0.00020527,,,,,,,,,,,
2.885286,0,0,0,0,0.00000001,0.00000008,0.00000063,0.00000457,0.00002917,0.00016442,,,,,,,,,,,
2.890955,0,0,0,0,0.00000001,0.00000006,0.00000048,0.00000355,0.00002297,0.00013149,,,,,,,,,,,
2.896624,0,0,0,0,0,0.00000004,0.00000037,0.00000275,0.00001806,0.00010499,,,,,,,,,,,
2.902293,0,0,0,0,0,0.00000003,0.00000028,0.00000213,0.00001418,0.0000837,,,,,,,,,,,
2.907962,0,0,0,0,0,0.00000002,0.00000021,0.00000164,0.00001112,0.00006663,,,,,,,,,,,
2.913631,0,0,0,0,0,0.00000002,0.00000016,0.00000127,0.00000871,0.00005296,,,,,,,,,,,
2.919300,0,0,0,0,0,0.00000001,0.00000012,0.00000098,0.00000681,0.00004204,,,,,,,,,,,
2.924969,0,0,0,0,0,0.00000001,0.00000009,0.00000075,0.00000532,0.00003332,,,,,,,,,,,
2.930638,0,0,0,0,0,0.00000001,0.00000007,0.00000058,0.00000415,0.00002637,,,,,,,,,,,
2.936307,0,0,0,0,0,0.00000001,0.00000005,0.00000044,0.00000323,0.00002084,,,,,,,,,,,
2.941976,0,0,0,0,0,0,0.00000004,0.00000034,0.00000251,0.00001645,,,,,,,,,,,
2.947645,0,0,0,0,0,0,0.00000003,0.00000026,0.00000195,0.00001296,,,,,,,,,,,
2.953314,0,0,0,0,0,0,0.00000002,0.0000002,0.00000151,0.0000102,,,,,,,,,,,
2.958983,0,0,0,0,0,0,0.00000002,0.00000015,0.00000117,0.00000802,,,,,,,,,,,
2.964652,0,0,0,0,0,0,0.00000001,0.00000012,0.00000091,0.0000063,,,,,,,,,,,
2.970321,0,0,0,0,0,0,0.00000001,0.00000009,0.0000007,0.00000494,,,,,,,,,,,
2.975990,0,0,0,0,0,0,0.00000001,0.00000007,0.00000054,0.00000387,,,,,,,,,,,
2.981659,0,0,0,0,0,0,0.00000001,0.00000005,0.00000042,0.00000303,,,,,,,,,,,
2.987328,0,0,0,0,0,0,0,0.00000004,0.00000032,0.00000236,,,,,,,,,,,
2.992997,0,0,0,0,0,0,0,0.00000003,0.00000025,0.00000184,,,,,,,,,,,
2.998666,0,0,0,0,0,0,0,0.00000002,0.00000019,0.00000144,,,,,,,,,,,
3.004335,0,0,0,0,0,0,0,0.00000002,0.00000015,0.00000112,,,,,,,,,,,
3.010004,0,0,0,0,0,0,0,0.00000001,0.00000011,0.00000087,,,,,,,,,,,
3.015673,0,0,0,0,0,0,0,0.00000001,0.00000009,0.00000068,,,,,,,,,,,
3.021342,0,0,0,0,0,0,0,0.00000001,0.00000007,0.00000052,,,,,,,,,,,
3.027011,0,0,0,0,0,0,0,0.00000001,0.00000005,0.00000041,,,,,,,,,,,
3.032680,0,0,0,0,0,0,0,0,0.00000004,0.00000031,,,,,,,,,,,
3.038349,0,0,0,0,0,0,0,0,0.00000003,0.00000024,,,,,,,,,,,
3.044018,0,0,0,0,0,0,0,0,0.00000002,0.00000019,,,,,,,,,,,
3.049687,0,0,0,0,0,0,0,0,0.00000002,0.00000015,,,,,,,,,,,
3.055356,0,0,0,0,0,0,0,0,0.00000001,0.00000011,,,,,,,,,,,
3.061025,0,0,0,0,0,0,0,0,0.00000001,0.00000009,,,,,,,,,,,
3.066694,0,0,0,0,0,0,0,0,0.00000001,0.00000007,,,,,,,,,,,
3.072363,0,0,0,0,0,0,0,0,0.00000001,0.00000005,,,,,,,,,,,
3.078033,0,0,0,0,0,0,0,0,0,0.00000004,,,,,,,,,,,
3.083702,0,0,0,0,0,0,0,0,0,0.00000003,,,,,,,,,,,
3.089371,0,0,0,0,0,0,0,0,0,0.00000002,,,,,,,,,,,
3.095040,0,0,0,0,0,0,0,0,0,0.00000002,,,,,,,,,,,
3.100709,0,0,0,0,0,0,0,0,0,0.00000001,,,,,,,,,,,
3.106378,0,0,0,0,0,0,0,0,0,0.00000001,,,,,,,,,,,
3.112047,0,0,0,0,0,0,0,0,0,0.00000001,,,,,,,,,,,
3.117716,0,0,0,0,0,0,0,0,0,0.00000001,,,,,,,,,,,
3.123385,0,0,0,0,0,0,0,0,0,0,,,,,,,,,,,
3.129054,0,0,0,0,0,0,0,0,0,0,,,,,,,,,,,
3.134723,0,0,0,0,0,0,0,0,0,0,,,,,,,,,,,
3.140392,0,0,0,0,0,0,0,0,0,0,,,,,,,,,,,
3.146061,0,0,0,0,0,0,0,0,0,0,,,,,,,,,,,
3.151730,0,0,0,0,0,0,0,0,0,0,,,,,,,,,,,
3.157399,0,0,0,0,0,0,0,0,0,0,,,,,,,,,,,
3.163068,0,0,0,0,0,0,0,0,0,0,,,,,,,,,,,
3.168737,0,0,0,0,0,0,0,0,0,0,,,,,,,,,,,
3.174406,0,0,0,0,0,0,0,0,0,0,,,,,,,,,,,
3.180075,0,0,0,0,0,0,0,0,0,0,,,,,,,,,,,
3.185744,0,0,0,0,0,0,0,0,0,0,,,,,,,,,,,
3.191413,0,0,0,0,0,0,0,0,0,0,,,,,,,,,,,
3.197082,0,0,0,0,0,0,0,0,0,0,,,,,,,,,,,
3.202751,0,0,0,0,0,0,0,0,0,0,,,,,,,,,,,
3.208420,0,0,0,0,0,0,0,0,0,0,,,,,,,,,,,
3.214089,0,0,0,0,0,0,0,0,0,0,,,,,,,,,,,
3.219758,0,0,0,0,0,0,0,0,0,0,,,,,,,,,,,
3.225427,0,0,0,0,0,0,0,0,0,0,,,,,,,,,,,
3.231096,0,0,0,0,0,0,0,0,0,0,,,,,,,,,,,
3.236765,0,0,0,0,0,0,0,0,0,0,,,,,,,,,,,
3.242434,0,0,0,0,0,0,0,0,0,0,,,,,,,,,,,
3.248103,0,0,0,0,0,0,0,0,0,0,,,,,,,,,,,
3.253772,0,0,0,0,0,0,0,0,0,0,,,,,,,,,,,
3.259441,0,0,0,0,0,0,0,0,0,0,,,,,,,,,,,
3.265110,0,0,0,0,0,0,0,0,0,0,,,,,,,,,,,
3.270779,0,0,0,0,0,0,0,0,0,0,,,,,,,,,,,
3.276449,0,0,0,0,0,0,0,0,0,0,,,,,,,,,,,
3.282118,0,0,0,0,0,0,0,0,0,0,,,,,,,,,,,
3.287787,0,0,0,0,0,0,0,0,0,0,,,,,,,,,,,
3.293456,0,0,0,0,0,0,0,0,0,0,,,,,,,,,,,
3.299125,0,0,0,0,0,0,0,0,0,0,,,,,,,,,,,
3.304794,0,0,0,0,0,0,0,0,0,0,,,,,,,,,,,
3.310463,0,0,0,0,0,0,0,0,0,0,,,,,,,,,,,
3.316132,0,0,0,0,0,0,0,0,0,0,,,,,,,,,,,
3.321801,0,0,0,0,0,0,0,0,0,0,,,,,,,,,,,
3.327470,0,0,0,0,0,0,0,0,0,0,,,,,,,,,,,
3.333139,0,0,0,0,0,0,0,0,0,0,,,,,,,,,,,
3.338808,0,0,0,0,0,0,0,0,0,0,,,,,,,,,,,
3.344477,0,0,0,0,0,0,0,0,0,0,,,,,,,,,,,
3.350146,0,0,0,0,0,0,0,0,0,0,,,,,,,,,,,
3.355815,0,0,0,0,0,0,0,0,0,0,,,,,,,,,,,
3.361484,0,0,0,0,0,0,0,0,0,0,,,,,,,,,,,
3.367153,0,0,0,0,0,0,0,0,0,0,,,,,,,,,,,
3.372822,0,0,0,0,0,0,0,0,0,0,,,,,,,,,,,
3.378491,0,0,0,0,0,0,0,0,0,0,,,,,,,,,,,
3.384160,0,0,0,0,0,0,0,0,0,0,,,,,,,,,,,
3.389829,0,0,0,0,0,0,0,0,0,0,,,,,,,,,,,
3.395498,0,0,0,0,0,0,0,0,0,0,,,,,,,,,,,
3.401167,0,0,0,0,0,0,0,0,0,0,,,,,,,,,,,
3.406836,0,0,0,0,0,0,0,0,0,0,,,,,,,,,,,
3.412505,0,0,0,0,0,0,0,0,0,0,,,,,,,,,,,
3.418174,0,0,0,0,0,0,0,0,0,0,,,,,,,,,,,
3.423843,0,0,0,0,0,0,0,0,0,0,,,,,,,,,,,
3.429512,0,0,0,0,0,0,0,0,0,0,,,,,,,,,,,
3.435181,0,0,0,0,0,0,0,0,0,0,,,,,,,,,,,
3.440850,0,0,0,0,0,0,0,0,0,0,,,,,,,,,,,
3.446519,0,0,0,0,0,0,0,0,0,0,,,,,,,,,,,
3.452188,0,0,0,0,0,0,0,0,0,0,,,,,,,,,,,
3.457857,0,0,0,0,0,0,0,0,0,0,,,,,,,,,,,
3.463526,0,0,0,0,0,0,0,0,0,0,,,,,,,,,,,
3.469195,0,0,0,0,0,0,0,0,0,0,,,,,,,,,,,
3.474865,0,0,0,0,0,0,0,0,0,0,,,,,,,,,,,
3.480534,0,0,0,0,0,0,0,0,0,0,,,,,,,,,,,
3.486203,0,0,0,0,0,0,0,0,0,0,,,,,,,,,,,
3.491872,0,0,0,0,0,0,0,0,0,0,,,,,,,,,,,
3.497541,0,0,0,0,0,0,0,0,0,0,,,,,,,,,,,
3.503210,0,0,0,0,0,0,0,0,0,0,,,,,,,,,,,
3.508879,0,0,0,0,0,0,0,0,0,0,,,,,,,,,,,
3.514548,0,0,0,0,0,0,0,0,0,0,,,,,,,,,,,
3.520217,0,0,0,0,0,0,0,0,0,0,,,,,,,,,,,
3.525886,0,0,0,0,0,0,0,0,0,0,,,,,,,,,,,
3.531555,0,0,0,0,0,0,0,0,0,0,,,,,,,,,,,
3.537224,0,0,0,0,0,0,0,0,0,0,,,,,,,,,,,
3.542893,0,0,0,0,0,0,0,0,0,0,,,,,,,,,,,
3.548562,0,0,0,0,0,0,0,0,0,0,,,,,,,,,,,
3.554231,0,0,0,0,0,0,0,0,0,0,,,,,,,,,,,
3.559900,0,0,0,0,0,0,0,0,0,0,,,,,,,,,,,
3.565569,0,0,0,0,0,0,0,0,0,0,,,,,,,,,,,
3.571238,0,0,0,0,0,0,0,0,0,0,,,,,,,,,,,
3.576907,0,0,0,0,0,0,0,0,0,0,,,,,,,,,,,
3.582576,0,0,0,0,0,0,0,0,0,0,,,,,,,,,,,
3.588245,0,0,0,0,0,0,0,0,0,0,,,,,,,,,,,
3.593914,0,0,0,0,0,0,0,0,0,0,,,,,,,,,,,
3.599583,0,0,0,0,0,0,0,0,0,0,,,,,,,,,,,
3.605252,0,0,0,0,0,0,0,0,0,0,,,,,,,,,,,
3.610921,0,0,0,0,0,0,0,0,0,0,,,,,,,,,,,
3.616590,0,0,0,0,0,0,0,0,0,0,,,,,,,,,,,
3.622259,0,0,0,0,0,0,0,0,0,0,,,,,,,,,,,
3.627928,0,0,0,0,0,0,0,0,0,0,,,,,,,,,,,
3.633597,0,0,0,0,0,0,0,0,0,0,,,,,,,,,,,
3.639266,0,0,0,0,0,0,0,0,0,0,,,,,,,,,,,
3.644935,0,0,0,0,0,0,0,0,0,0,,,,,,,,,,,
3.650604,0,0,0,0,0,0,0,0,0,0,,,,,,,,,,,
3.656273,0,0,0,0,0,0,0,0,0,0,,,,,,,,,,,
3.661942,0,0,0,0,0,0,0,0,0,0,,,,,,,,,,,
3.667612,0,0,0,0,0,0,0,0,0,0,,,,,,,,,,,
3.673281,0,0,0,0,0,0,0,0,0,0,,,,,,,,,,,
3.678950,0,0,0,0,0,0,0,0,0,0,,,,,,,,,,,
3.684619,0,0,0,0,0,0,0,0,0,0,,,,,,,,,,,
3.690288,0,0,0,0,0,0,0,0,0,0,,,,,,,,,,,
3.695957,0,0,0,0,0,0,0,0,0,0,,,,,,,,,,,
3.701626,0,0,0,0,0,0,0,0,0,0,,,,,,,,,,,
3.707295,0,0,0,0,0,0,0,0,0,0,,,,,,,,,,,
3.712964,0,0,0,0,0,0,0,0,0,0,,,,,,,,,,,
3.718633,0,0,0,0,0,0,0,0,0,0,,,,,,,,,,,
3.724302,0,0,0,0,0,0,0,0,0,0,,,,,,,,,,,
3.729971,0,0,0,0,0,0,0,0,0,0,,,,,,,,,,,
3.735640,0,0,0,0,0,0,0,0,0,0,,,,,,,,,,,
3.741309,0,0,0,0,0,0,0,0,0,0,,,,,,,,,,,
3.746978,0,0,0,0,0,0,0,0,0,0,,,,,,,,,,,
3.752647,0,0,0,0,0,0,0,0,0,0,,,,,,,,,,,
3.758316,0,0,0,0,0,0,0,0,0,0,,,,,,,,,,,
3.763985,0,0,0,0,0,0,0,0,0,0,,,,,,,,,,,
3.769654,0,0,0,0,0,0,0,0,0,0,,,,,,,,,,,
3.775323,0,0,0,0,0,0,0,0,0,0,,,,,,,,,,,
3.780992,0,0,0,0,0,0,0,0,0,0,,,,,,,,,,,
3.786661,0,0,0,0,0,0,0,0,0,0,,,,,,,,,,,
3.792330,0,0,0,0,0,0,0,0,0,0,,,,,,,,,,,
3.797999,0,0,0,0,0,0,0,0,0,0,,,,,,,,,,,
3.803668,0,0,0,0,0,0,0,0,0,0,,,,,,,,,,,
3.809337,0,0,0,0,0,0,0,0,0,0,,,,,,,,,,,
3.815006,0,0,0,0,0,0,0,0,0,0,,,,,,,,,,,
3.820675,0,0,0,0,0,0,0,0,0,0,,,,,,,,,,,
3.826344,0,0,0,0,0,0,0,0,0,0,,,,,,,,,,,
3.832013,0,0,0,0,0,0,0,0,0,0,,,,,,,,,,,
3.837682,0,0,0,0,0,0,0,0,0,0,,,,,,,,,,,
3.843351,0,0,0,0,0,0,0,0,0,0,,,,,,,,,,,
3.849020,0,0,0,0,0,0,0,0,0,0,,,,,,,,,,,
3.854689,0,0,0,0,0,0,0,0,0,0,,,,,,,,,,,
3.860358,0,0,0,0,0,0,0,0,0,0,,,,,,,,,,,
3.866028,0,0,0,0,0,0,0,0,0,0,,,,,,,,,,,
3.871697,0,0,0,0,0,0,0,0,0,0,,,,,,,,,,,
3.877366,0,0,0,0,0,0,0,0,0,0,,,,,,,,,,,
3.883035,0,0,0,0,0,0,0,0,0,0,,,,,,,,,,,
3.888704,0,0,0,0,0,0,0,0,0,0,,,,,,,,,,,
3.894373,0,0,0,0,0,0,0,0,0,0,,,,,,,,,,,
3.900042,0,0,0,0,0,0,0,0,0,0,,,,,,,,,,,
3.905711,0,0,0,0,0,0,0,0,0,0,,,,,,,,,,,
3.911380,0,0,0,0,0,0,0,0,0,0,,,,,,,,,,,
3.917049,0,0,0,0,0,0,0,0,0,0,,,,,,,,,,,
3.922718,0,0,0,0,0,0,0,0,0,0,,,,,,,,,,,
3.928387,0,0,0,0,0,0,0,0,0,0,,,,,,,,,,,
3.934056,0,0,0,0,0,0,0,0,0,0,,,,,,,,,,,
3.939725,0,0,0,0,0,0,0,0,0,0,,,,,,,,,,,
3.945394,0,0,0,0,0,0,0,0,0,0,,,,,,,,,,,
3.951063,0,0,0,0,0,0,0,0,0,0,,,,,,,,,,,
3.956732,0,0,0,0,0,0,0,0,0,0,,,,,,,,,,,
3.962401,0,0,0,0,0,0,0,0,0,0,,,,,,,,,,,
3.968070,0,0,0,0,0,0,0,0,0,0,,,,,,,,,,,
3.973739,0,0,0,0,0,0,0,0,0,0,,,,,,,,,,,
3.979408,0,0,0,0,0,0,0,0,0,0,,,,,,,,,,,
3.985077,0,0,0,0,0,0,0,0,0,0,,,,,,,,,,,
3.990746,0,0,0,0,0,0,0,0,0,0,,,,,,,,,,,
3.996415,0,0,0,0,0,0,0,0,0,0,,,,,,,,,,,
4.002084,0,0,0,0,0,0,0,0,0,0,,,,,,,,,,,
4.007753,0,0,0,0,0,0,0,0,0,0,,,,,,,,,,,
4.013422,0,0,0,0,0,0,0,0,0,0,,,,,,,,,,,
4.019091,0,0,0,0,0,0,0,0,0,0,,,,,,,,,,,
4.024760,0,0,0,0,0,0,0,0,0,0,,,,,,,,,,,
4.030429,0,0,0,0,0,0,0,0,0,0,,,,,,,,,,,
4.036098,0,0,0,0,0,0,0,0,0,0,,,,,,,,,,,
4.041767,0,0,0,0,0,0,0,0,0,0,,,,,,,,,,,
4.047436,0,0,0,0,0,0,0,0,0,0,,,,,,,,,,,
4.053105,0,0,0,0,0,0,0,0,0,0,,,,,,,,,,,
4.058774,0,0,0,0,0,0,0,0,0,0,,,,,,,,,,,
4.064444,0,0,0,0,0,0,0,0,0,0,,,,,,,,,,,
4.070113,0,0,0,0,0,0,0,0,0,0,,,,,,,,,,,
4.075782,0,0,0,0,0,0,0,0,0,0,,,,,,,,,,,
4.081451,0,0,0,0,0,0,0,0,0,0,,,,,,,,,,,
4.087120,0,0,0,0,0,0,0,0,0,0,,,,,,,,,,,
4.092789,0,0,0,0,0,0,0,0,0,0,,,,,,,,,,,
4.098458,0,0,0,0,0,0,0,0,0,0,,,,,,,,,,,
4.104127,0,0,0,0,0,0,0,0,0,0,,,,,,,,,,,
4.109796,0,0,0,0,0,0,0,0,0,0,,,,,,,,,,,
4.115465,0,0,0,0,0,0,0,0,0,0,,,,,,,,,,,
4.121134,0,0,0,0,0,0,0,0,0,0,,,,,,,,,,,
4.126803,0,0,0,0,0,0,0,0,0,0,,,,,,,,,,,
4.132472,0,0,0,0,0,0,0,0,0,0,,,,,,,,,,,
4.138141,0,0,0,0,0,0,0,0,0,0,,,,,,,,,,,
4.143810,0,0,0,0,0,0,0,0,0,0,,,,,,,,,,,
4.149479,0,0,0,0,0,0,0,0,0,0,,,,,,,,,,,
4.155148,0,0,0,0,0,0,0,0,0,0,,,,,,,,,,,
4.160817,0,0,0,0,0,0,0,0,0,0,,,,,,,,,,,
4.166486,0,0,0,0,0,0,0,0,0,0,,,,,,,,,,,
4.172155,0,0,0,0,0,0,0,0,0,0,,,,,,,,,,,
4.177824,0,0,0,0,0,0,0,0,0,0,,,,,,,,,,,
4.183493,0,0,0,0,0,0,0,0,0,0,,,,,,,,,,,
4.189162,0,0,0,0,0,0,0,0,0,0,,,,,,,,,,,
4.194831,0,0,0,0,0,0,0,0,0,0,,,,,,,,,,,
4.200500,0,0,0,0,0,0,0,0,0,0,,,,,,,,,,,
4.206169,0,0,0,0,0,0,0,0,0,0,,,,,,,,,,,
4.211838,0,0,0,0,0,0,0,0,0,0,,,,,,,,,,,
4.217507,0,0,0,0,0,0,0,0,0,0,,,,,,,,,,,
4.223176,0,0,0,0,0,0,0,0,0,0,,,,,,,,,,,
4.228845,0,0,0,0,0,0,0,0,0,0,,,,,,,,,,,
4.234514,0,0,0,0,0,0,0,0,0,0,,,,,,,,,,,
4.240183,0,0,0,0,0,0,0,0,0,0,,,,,,,,,,,
4.245852,0,0,0,0,0,0,0,0,0,0,,,,,,,,,,,
4.251521,0,0,0,0,0,0,0,0,0,0,,,,,,,,,,,
4.257190,0,0,0,0,0,0,0,0,0,0,,,,,,,,,,,
4.262860,0,0,0,0,0,0,0,0,0,0,,,,,,,,,,,
4.268529,0,0,0,0,0,0,0,0,0,0,,,,,,,,,,,
4.274198,0,0,0,0,0,0,0,0,0,0,,,,,,,,,,,
4.279867,0,0,0,0,0,0,0,0,0,0,,,,,,,,,,,
4.285536,0,0,0,0,0,0,0,0,0,0,,,,,,,,,,,
4.291205,0,0,0,0,0,0,0,0,0,0,,,,,,,,,,,
4.296874,0,0,0,0,0,0,0,0,0,0,,,,,,,,,,,
4.302543,0,0,0,0,0,0,0,0,0,0,,,,,,,,,,,
4.308212,0,0,0,0,0,0,0,0,0,0,,,,,,,,,,,
4.313881,0,0,0,0,0,0,0,0,0,0,,,,,,,,,,,
4.319550,0,0,0,0,0,0,0,0,0,0,,,,,,,,,,,
4.325219,0,0,0,0,0,0,0,0,0,0,,,,,,,,,,,
4.330888,0,0,0,0,0,0,0,0,0,0,,,,,,,,,,,
4.336557,0,0,0,0,0,0,0,0,0,0,,,,,,,,,,,
4.342226,0,0,0,0,0,0,0,0,0,0,,,,,,,,,,,
4.347895,0,0,0,0,0,0,0,0,0,0,,,,,,,,,,,
4.353564,0,0,0,0,0,0,0,0,0,0,,,,,,,,,,,
4.359233,0,0,0,0,0,0,0,0,0,0,,,,,,,,,,,
4.364902,0,0,0,0,0,0,0,0,0,0,,,,,,,,,,,
4.370571,0,0,0,0,0,0,0,0,0,0,,,,,,,,,,,
4.376240,0,0,0,0,0,0,0,0,0,0,,,,,,,,,,,
4.381909,0,0,0,0,0,0,0,0,0,0,,,,,,,,,,,
4.387578,0,0,0,0,0,0,0,0,0,0,,,,,,,,,,,
4.393247,0,0,0,0,0,0,0,0,0,0,,,,,,,,,,,
4.398916,0,0,0,0,0,0,0,0,0,0,,,,,,,,,,,
4.404585,0,0,0,0,0,0,0,0,0,0,,,,,,,,,,,
4.410254,0,0,0,0,0,0,0,0,0,0,,,,,,,,,,,
4.415923,0,0,0,0,0,0,0,0,0,0,,,,,,,,,,,
4.421592,0,0,0,0,0,0,0,0,0,0,,,,,,,,,,,
4.427261,0,0,0,0,0,0,0,0,0,0,,,,,,,,,,,
4.432930,0,0,0,0,0,0,0,0,0,0,,,,,,,,,,,
4.438599,0,0,0,0,0,0,0,0,0,0,,,,,,,,,,,
4.444268,0,0,0,0,0,0,0,0,0,0,,,,,,,,,,,
4.449937,0,0,0,0,0,0,0,0,0,0,,,,,,,,,,,
4.455607,0,0,0,0,0,0,0,0,0,0,,,,,,,,,,,
4.461276,0,0,0,0,0,0,0,0,0,0,,,,,,,,,,,
4.466945,0,0,0,0,0,0,0,0,0,0,,,,,,,,,,,
4.472614,0,0,0,0,0,0,0,0,0,0,,,,,,,,,,,
4.478283,0,0,0,0,0,0,0,0,0,0,,,,,,,,,,,
4.483952,0,0,0,0,0,0,0,0,0,0,,,,,,,,,,,
4.489621,0,0,0,0,0,0,0,0,0,0,,,,,,,,,,,
4.495290,0,0,0,0,0,0,0,0,0,0,,,,,,,,,,,
4.500959,0,0,0,0,0,0,0,0,0,0,,,,,,,,,,,
4.506628,0,0,0,0,0,0,0,0,0,0,,,,,,,,,,,
4.512297,0,0,0,0,0,0,0,0,0,0,,,,,,,,,,,
4.517966,0,0,0,0,0,0,0,0,0,0,,,,,,,,,,,
4.523635,0,0,0,0,0,0,0,0,0,0,,,,,,,,,,,
4.529304,0,0,0,0,0,0,0,0,0,0,,,,,,,,,,,
4.534973,0,0,0,0,0,0,0,0,0,0,,,,,,,,,,,
4.540642,0,0,0,0,0,0,0,0,0,0,,,,,,,,,,,
4.546311,0,0,0,0,0,0,0,0,0,0,,,,,,,,,,,
4.551980,0,0,0,0,0,0,0,0,0,0,,,,,,,,,,,
4.557649,0,0,0,0,0,0,0,0,0,0,,,,,,,,,,,
4.563318,0,0,0,0,0,0,0,0,0,0,,,,,,,,,,,
4.568987,0,0,0,0,0,0,0,0,0,0,,,,,,,,,,,
4.574656,0,0,0,0,0,0,0,0,0,0,,,,,,,,,,,
4.580325,0,0,0,0,0,0,0,0,0,0,,,,,,,,,,,
4.585994,0,0,0,0,0,0,0,0,0,0,,,,,,,,,,,
4.591663,0,0,0,0,0,0,0,0,0,0,,,,,,,,,,,
4.597332,0,0,0,0,0,0,0,0,0,0,,,,,,,,,,,
4.603001,0,0,0,0,0,0,0,0,0,0,,,,,,,,,,,
4.608670,0,0,0,0,0,0,0,0,0,0,,,,,,,,,,,
4.614339,0,0,0,0,0,0,0,0,0,0,,,,,,,,,,,
4.620008,0,0,0,0,0,0,0,0,0,0,,,,,,,,,,,
4.625677,0,0,0,0,0,0,0,0,0,0,,,,,,,,,,,
4.631346,0,0,0,0,0,0,0,0,0,0,,,,,,,,,,,
4.637015,0,0,0,0,0,0,0,0,0,0,,,,,,,,,,,
4.642684,0,0,0,0,0,0,0,0,0,0,,,,,,,,,,,
4.648353,0,0,0,0,0,0,0,0,0,0,,,,,,,,,,,
4.654023,0,0,0,0,0,0,0,0,0,0,,,,,,,,,,,
4.659692,0,0,0,0,0,0,0,0,0,0,,,,,,,,,,,
4.665361,0,0,0,0,0,0,0,0,0,0,,,,,,,,,,,
4.671030,0,0,0,0,0,0,0,0,0,0,,,,,,,,,,,
4.676699,0,0,0,0,0,0,0,0,0,0,,,,,,,,,,,
4.682368,0,0,0,0,0,0,0,0,0,0,,,,,,,,,,,
4.688037,0,0,0,0,0,0,0,0,0,0,,,,,,,,,,,
4.693706,0,0,0,0,0,0,0,0,0,0,,,,,,,,,,,
4.699375,0,0,0,0,0,0,0,0,0,0,,,,,,,,,,,
4.705044,0,0,0,0,0,0,0,0,0,0,,,,,,,,,,,
4.710713,0,0,0,0,0,0,0,0,0,0,,,,,,,,,,,
4.716382,0,0,0,0,0,0,0,0,0,0,,,,,,,,,,,
4.722051,0,0,0,0,0,0,0,0,0,0,,,,,,,,,,,
4.727720,0,0,0,0,0,0,0,0,0,0,,,,,,,,,,,
4.733389,0,0,0,0,0,0,0,0,0,0,,,,,,,,,,,
4.739058,0,0,0,0,0,0,0,0,0,0,,,,,,,,,,,
4.744727,0,0,0,0,0,0,0,0,0,0,,,,,,,,,,,
4.750396,0,0,0,0,0,0,0,0,0,0,,,,,,,,,,,
4.756065,0,0,0,0,0,0,0,0,0,0,,,,,,,,,,,
4.761734,0,0,0,0,0,0,0,0,0,0,,,,,,,,,,,
4.767403,0,0,0,0,0,0,0,0,0,0,,,,,,,,,,,
4.773072,0,0,0,0,0,0,0,0,0,0,,,,,,,,,,,
4.778741,0,0,0,0,0,0,0,0,0,0,,,,,,,,,,,
4.784410,0,0,0,0,0,0,0,0,0,0,,,,,,,,,,,
4.790079,0,0,0,0,0,0,0,0,0,0,,,,,,,,,,,
4.795748,0,0,0,0,0,0,0,0,0,0,,,,,,,,,,,
4.801417,0,0,0,0,0,0,0,0,0,0,,,,,,,,,,,
4.807086,0,0,0,0,0,0,0,0,0,0,,,,,,,,,,,
4.812755,0,0,0,0,0,0,0,0,0,0,,,,,,,,,,,
4.818424,0,0,0,0,0,0,0,0,0,0,,,,,,,,,,,
4.824093,0,0,0,0,0,0,0,0,0,0,,,,,,,,,,,
4.829762,0,0,0,0,0,0,0,0,0,0,,,,,,,,,,,
4.835431,0,0,0,0,0,0,0,0,0,0,,,,,,,,,,,
4.841100,0,0,0,0,0,0,0,0,0,0,,,,,,,,,,,
4.846769,0,0,0,0,0,0,0,0,0,0,,,,,,,,,,,
4.852439,0,0,0,0,0,0,0,0,0,0,,,,,,,,,,,
4.858108,0,0,0,0,0,0,0,0,0,0,,,,,,,,,,,
4.863777,0,0,0,0,0,0,0,0,0,0,,,,,,,,,,,
4.869446,0,0,0,0,0,0,0,0,0,0,,,,,,,,,,,
4.875115,0,0,0,0,0,0,0,0,0,0,,,,,,,,,,,
4.880784,0,0,0,0,0,0,0,0,0,0,,,,,,,,,,,
4.886453,0,0,0,0,0,0,0,0,0,0,,,,,,,,,,,
4.892122,0,0,0,0,0,0,0,0,0,0,,,,,,,,,,,
4.897791,0,0,0,0,0,0,0,0,0,0,,,,,,,,,,,
4.903460,0,0,0,0,0,0,0,0,0,0,,,,,,,,,,,
4.909129,0,0,0,0,0,0,0,0,0,0,,,,,,,,,,,
4.914798,0,0,0,0,0,0,0,0,0,0,,,,,,,,,,,
4.920467,0,0,0,0,0,0,0,0,0,0,,,,,,,,,,,
4.926136,0,0,0,0,0,0,0,0,0,0,,,,,,,,,,,
4.931805,0,0,0,0,0,0,0,0,0,0,,,,,,,,,,,
4.937474,0,0,0,0,0,0,0,0,0,0,,,,,,,,,,,
4.943143,0,0,0,0,0,0,0,0,0,0,,,,,,,,,,,
4.948812,0,0,0,0,0,0,0,0,0,0,,,,,,,,,,,
4.954481,0,0,0,0,0,0,0,0,0,0,,,,,,,,,,,
4.960150,0,0,0,0,0,0,0,0,0,0,,,,,,,,,,,
4.965819,0,0,0,0,0,0,0,0,0,0,,,,,,,,,,,
4.971488,0,0,0,0,0,0,0,0,0,0,,,,,,,,,,,
4.977157,0,0,0,0,0,0,0,0,0,0,,,,,,,,,,,
4.982826,0,0,0,0,0,0,0,0,0,0,,,,,,,,,,,
4.988495,0,0,0,0,0,0,0,0,0,0,,,,,,,,,,,
4.994164,0,0,0,0,0,0,0,0,0,0,,,,,,,,,,,
4.999833,0,0,0,0,0,0,0,0,0,0,,,,,,,,,,,
5.005502,0,0,0,0,0,0,0,0,0,0,,,,,,,,,,,
5.011171,0,0,0,0,0,0,0,0,0,0,,,,,,,,,,,
5.016840,0,0,0,0,0,0,0,0,0,0,,,,,,,,,,,
5.022509,0,0,0,0,0,0,0,0,0,0,,,,,,,,,,,
5.028178,0,0,0,0,0,0,0,0,0,0,,,,,,,,,,,
5.033847,0,0,0,0,0,0,0,0,0,0,,,,,,,,,,,
5.039516,0,0,0,0,0,0,0,0,0,0,,,,,,,,,,,
5.045185,0,0,0,0,0,0,0,0,0,0,,,,,,,,,,,
5.050855,0,0,0,0,0,0,0,0,0,0,,,,,,,,,,,
5.056524,0,0,0,0,0,0,0,0,0,0,,,,,,,,,,,
5.062193,0,0,0,0,0,0,0,0,0,0,,,,,,,,,,,
5.067862,0,0,0,0,0,0,0,0,0,0,,,,,,,,,,,
5.073531,0,0,0,0,0,0,0,0,0,0,,,,,,,,,,,
5.079200,0,0,0,0,0,0,0,0,0,0,,,,,,,,,,,
5.084869,0,0,0,0,0,0,0,0,0,0,,,,,,,,,,,
5.090538,0,0,0,0,0,0,0,0,0,0,,,,,,,,,,,
5.096207,0,0,0,0,0,0,0,0,0,0,,,,,,,,,,,
5.101876,0,0,0,0,0,0,0,0,0,0,,,,,,,,,,,
5.107545,0,0,0,0,0,0,0,0,0,0,,,,,,,,,,,
5.113214,0,0,0,0,0,0,0,0,0,0,,,,,,,,,,,
5.118883,0,0,0,0,0,0,0,0,0,0,,,,,,,,,,,
5.124552,0,0,0,0,0,0,0,0,0,0,,,,,,,,,,,
5.130221,0,0,0,0,0,0,0,0,0,0,,,,,,,,,,,
5.135890,0,0,0,0,0,0,0,0,0,0,,,,,,,,,,,
5.141559,0,0,0,0,0,0,0,0,0,0,,,,,,,,,,,
5.147228,0,0,0,0,0,0,0,0,0,0,,,,,,,,,,,
5.152897,0,0,0,0,0,0,0,0,0,0,,,,,,,,,,,
5.158566,0,0,0,0,0,0,0,0,0,0,,,,,,,,,,,
5.164235,0,0,0,0,0,0,0,0,0,0,,,,,,,,,,,
5.169904,0,0,0,0,0,0,0,0,0,0,,,,,,,,,,,
5.175573,0,0,0,0,0,0,0,0,0,0,,,,,,,,,,,
5.181242,0,0,0,0,0,0,0,0,0,0,,,,,,,,,,,
5.186911,0,0,0,0,0,0,0,0,0,0,,,,,,,,,,,
5.192580,0,0,0,0,0,0,0,0,0,0,,,,,,,,,,,
5.198249,0,0,0,0,0,0,0,0,0,0,,,,,,,,,,,
5.203918,0,0,0,0,0,0,0,0,0,0,,,,,,,,,,,
5.209587,0,0,0,0,0,0,0,0,0,0,,,,,,,,,,,
5.215256,0,0,0,0,0,0,0,0,0,0,,,,,,,,,,,
5.220925,0,0,0,0,0,0,0,0,0,0,,,,,,,,,,,
5.226594,0,0,0,0,0,0,0,0,0,0,,,,,,,,,,,
5.232263,0,0,0,0,0,0,0,0,0,0,,,,,,,,,,,
5.237932,0,0,0,0,0,0,0,0,0,0,,,,,,,,,,,
5.243602,0,0,0,0,0,0,0,0,0,0,,,,,,,,,,,
5.249271,0,0,0,0,0,0,0,0,0,0,,,,,,,,,,,
5.254940,0,0,0,0,0,0,0,0,0,0,,,,,,,,,,,
5.260609,0,0,0,0,0,0,0,0,0,0,,,,,,,,,,,
5.266278,0,0,0,0,0,0,0,0,0,0,,,,,,,,,,,
5.271947,0,0,0,0,0,0,0,0,0,0,,,,,,,,,,,
5.277616,0,0,0,0,0,0,0,0,0,0,,,,,,,,,,,
5.283285,0,0,0,0,0,0,0,0,0,0,,,,,,,,,,,
5.288954,0,0,0,0,0,0,0,0,0,0,,,,,,,,,,,
5.294623,0,0,0,0,0,0,0,0,0,0,,,,,,,,,,,
5.300292,0,0,0,0,0,0,0,0,0,0,,,,,,,,,,,
5.305961,0,0,0,0,0,0,0,0,0,0,,,,,,,,,,,
5.311630,0,0,0,0,0,0,0,0,0,0,,,,,,,,,,,
5.317299,0,0,0,0,0,0,0,0,0,0,,,,,,,,,,,
5.322968,0,0,0,0,0,0,0,0,0,0,,,,,,,,,,,
5.328637,0,0,0,0,0,0,0,0,0,0,,,,,,,,,,,
5.334306,0,0,0,0,0,0,0,0,0,0,,,,,,,,,,,
5.339975,0,0,0,0,0,0,0,0,0,0,,,,,,,,,,,
5.345644,0,0,0,0,0,0,0,0,0,0,,,,,,,,,,,
5.351313,0,0,0,0,0,0,0,0,0,0,,,,,,,,,,,
5.356982,0,0,0,0,0,0,0,0,0,0,,,,,,,,,,,
5.362651,0,0,0,0,0,0,0,0,0,0,,,,,,,,,,,
5.368320,0,0,0,0,0,0,0,0,0,0,,,,,,,,,,,
5.373989,0,0,0,0,0,0,0,0,0,0,,,,,,,,,,,
5.379658,0,0,0,0,0,0,0,0,0,0,,,,,,,,,,,
5.385327,0,0,0,0,0,0,0,0,0,0,,,,,,,,,,,
5.390996,0,0,0,0,0,0,0,0,0,0,,,,,,,,,,,
5.396665,0,0,0,0,0,0,0,0,0,0,,,,,,,,,,,
5.402334,0,0,0,0,0,0,0,0,0,0,,,,,,,,,,,
5.408003,0,0,0,0,0,0,0,0,0,0,,,,,,,,,,,
5.413672,0,0,0,0,0,0,0,0,0,0,,,,,,,,,,,
5.419341,0,0,0,0,0,0,0,0,0,0,,,,,,,,,,,
5.425010,0,0,0,0,0,0,0,0,0,0,,,,,,,,,,,
5.430679,0,0,0,0,0,0,0,0,0,0,,,,,,,,,,,
5.436348,0,0,0,0,0,0,0,0,0,0,,,,,,,,,,,
5.442018,0,0,0,0,0,0,0,0,0,0,,,,,,,,,,,
5.447687,0,0,0,0,0,0,0,0,0,0,,,,,,,,,,,
5.453356,0,0,0,0,0,0,0,0,0,0,,,,,,,,,,,
5.459025,0,0,0,0,0,0,0,0,0,0,,,,,,,,,,,
5.464694,0,0,0,0,0,0,0,0,0,0,,,,,,,,,,,
5.470363,0,0,0,0,0,0,0,0,0,0,,,,,,,,,,,
5.476032,0,0,0,0,0,0,0,0,0,0,,,,,,,,,,,
5.481701,0,0,0,0,0,0,0,0,0,0,,,,,,,,,,,
5.487370,0,0,0,0,0,0,0,0,0,0,,,,,,,,,,,
5.493039,0,0,0,0,0,0,0,0,0,0,,,,,,,,,,,
5.498708,0,0,0,0,0,0,0,0,0,0,,,,,,,,,,,
5.504377,0,0,0,0,0,0,0,0,0,0,,,,,,,,,,,
5.510046,0,0,0,0,0,0,0,0,0,0,,,,,,,,,,,
5.515715,0,0,0,0,0,0,0,0,0,0,,,,,,,,,,,
5.521384,0,0,0,0,0,0,0,0,0,0,,,,,,,,,,,
5.527053,0,0,0,0,0,0,0,0,0,0,,,,,,,,,,,
5.532722,0,0,0,0,0,0,0,0,0,0,,,,,,,,,,,
5.538391,0,0,0,0,0,0,0,0,0,0,,,,,,,,,,,
5.544060,0,0,0,0,0,0,0,0,0,0,,,,,,,,,,,
5.549729,0,0,0,0,0,0,0,0,0,0,,,,,,,,,,,
5.555398,0,0,0,0,0,0,0,0,0,0,,,,,,,,,,,
5.561067,0,0,0,0,0,0,0,0,0,0,,,,,,,,,,,
5.566736,0,0,0,0,0,0,0,0,0,0,,,,,,,,,,,
5.572405,0,0,0,0,0,0,0,0,0,0,,,,,,,,,,,
5.578074,0,0,0,0,0,0,0,0,0,0,,,,,,,,,,,
5.583743,0,0,0,0,0,0,0,0,0,0,,,,,,,,,,,
5.589412,0,0,0,0,0,0,0,0,0,0,,,,,,,,,,,
5.595081,0,0,0,0,0,0,0,0,0,0,,,,,,,,,,,
5.600750,0,0,0,0,0,0,0,0,0,0,,,,,,,,,,,
5.606419,0,0,0,0,0,0,0,0,0,0,,,,,,,,,,,
5.612088,0,0,0,0,0,0,0,0,0,0,,,,,,,,,,,
5.617757,0,0,0,0,0,0,0,0,0,0,,,,,,,,,,,
5.623426,0,0,0,0,0,0,0,0,0,0,,,,,,,,,,,
5.629095,0,0,0,0,0,0,0,0,0,0,,,,,,,,,,,
5.634764,0,0,0,0,0,0,0,0,0,0,,,,,,,,,,,
5.640434,0,0,0,0,0,0,0,0,0,0,,,,,,,,,,,
5.646103,0,0,0,0,0,0,0,0,0,0,,,,,,,,,,,
5.651772,0,0,0,0,0,0,0,0,0,0,,,,,,,,,,,
5.657441,0,0,0,0,0,0,0,0,0,0,,,,,,,,,,,
5.663110,0,0,0,0,0,0,0,0,0,0,,,,,,,,,,,
5.668779,0,0,0,0,0,0,0,0,0,0,,,,,,,,,,,
5.674448,0,0,0,0,0,0,0,0,0,0,,,,,,,,,,,
5.680117,0,0,0,0,0,0,0,0,0,0,,,,,,,,,,,
5.685786,0,0,0,0,0,0,0,0,0,0,,,,,,,,,,,
5.691455,0,0,0,0,0,0,0,0,0,0,,,,,,,,,,,
5.697124,0,0,0,0,0,0,0,0,0,0,,,,,,,,,,,
5.702793,0,0,0,0,0,0,0,0,0,0,,,,,,,,,,,
5.708462,0,0,0,0,0,0,0,0,0,0,,,,,,,,,,,
5.714131,0,0,0,0,0,0,0,0,0,0,,,,,,,,,,,
5.719800,0,0,0,0,0,0,0,0,0,0,,,,,,,,,,,
5.725469,0,0,0,0,0,0,0,0,0,0,,,,,,,,,,,
5.731138,0,0,0,0,0,0,0,0,0,0,,,,,,,,,,,
5.736807,0,0,0,0,0,0,0,0,0,0,,,,,,,,,,,
5.742476,0,0,0,0,0,0,0,0,0,0,,,,,,,,,,,
5.748145,0,0,0,0,0,0,0,0,0,0,,,,,,,,,,,
5.753814,0,0,0,0,0,0,0,0,0,0,,,,,,,,,,,
5.759483,0,0,0,0,0,0,0,0,0,0,,,,,,,,,,,
5.765152,0,0,0,0,0,0,0,0,0,0,,,,,,,,,,,
5.770821,0,0,0,0,0,0,0,0,0,0,,,,,,,,,,,
5.776490,0,0,0,0,0,0,0,0,0,0,,,,,,,,,,,
5.782159,0,0,0,0,0,0,0,0,0,0,,,,,,,,,,,
5.787828,0,0,0,0,0,0,0,0,0,0,,,,,,,,,,,
5.793497,0,0,0,0,0,0,0,0,0,0,,,,,,,,,,,
5.799166,0,0,0,0,0,0,0,0,0,0,,,,,,,,,,,
5.804835,0,0,0,0,0,0,0,0,0,0,,,,,,,,,,,
5.810504,0,0,0,0,0,0,0,0,0,0,,,,,,,,,,,
5.816173,0,0,0,0,0,0,0,0,0,0,,,,,,,,,,,
5.821842,0,0,0,0,0,0,0,0,0,0,,,,,,,,,,,
5.827511,0,0,0,0,0,0,0,0,0,0,,,,,,,,,,,
5.833180,0,0,0,0,0,0,0,0,0,0,,,,,,,,,,,
5.838850,0,0,0,0,0,0,0,0,0,0,,,,,,,,,,,
5.844519,0,0,0,0,0,0,0,0,0,0,,,,,,,,,,,
5.850188,0,0,0,0,0,0,0,0,0,0,,,,,,,,,,,
5.855857,0,0,0,0,0,0,0,0,0,0,,,,,,,,,,,
5.861526,0,0,0,0,0,0,0,0,0,0,,,,,,,,,,,
5.867195,0,0,0,0,0,0,0,0,0,0,,,,,,,,,,,
5.872864,0,0,0,0,0,0,0,0,0,0,,,,,,,,,,,
5.878533,0,0,0,0,0,0,0,0,0,0,,,,,,,,,,,
5.884202,0,0,0,0,0,0,0,0,0,0,,,,,,,,,,,
5.889871,0,0,0,0,0,0,0,0,0,0,,,,,,,,,,,
5.895540,0,0,0,0,0,0,0,0,0,0,,,,,,,,,,,
5.901209,0,0,0,0,0,0,0,0,0,0,,,,,,,,,,,
5.906878,0,0,0,0,0,0,0,0,0,0,,,,,,,,,,,
5.912547,0,0,0,0,0,0,0,0,0,0,,,,,,,,,,,
5.918216,0,0,0,0,0,0,0,0,0,0,,,,,,,,,,,
5.923885,0,0,0,0,0,0,0,0,0,0,,,,,,,,,,,
5.929554,0,0,0,0,0,0,0,0,0,0,,,,,,,,,,,
5.935223,0,0,0,0,0,0,0,0,0,0,,,,,,,,,,,
5.940892,0,0,0,0,0,0,0,0,0,0,,,,,,,,,,,
5.946561,0,0,0,0,0,0,0,0,0,0,,,,,,,,,,,
5.952230,0,0,0,0,0,0,0,0,0,0,,,,,,,,,,,
5.957899,0,0,0,0,0,0,0,0,0,0,,,,,,,,,,,
5.963568,0,0,0,0,0,0,0,0,0,0,,,,,,,,,,,
5.969237,0,0,0,0,0,0,0,0,0,0,,,,,,,,,,,
5.974906,0,0,0,0,0,0,0,0,0,0,,,,,,,,,,,
5.980575,0,0,0,0,0,0,0,0,0,0,,,,,,,,,,,
5.986244,0,0,0,0,0,0,0,0,0,0,,,,,,,,,,,
5.991913,0,0,0,0,0,0,0,0,0,0,,,,,,,,,,,
5.997582,0,0,0,0,0,0,0,0,0,0,,,,,,,,,,,
,,,,,,,,,,,,,,,,,,,,,